station_id,name,lat,lon,elevation_m,train_tmax_days,test_tmax_days,test_prcp_days
IN001020700,Pbo Anantapur,14.583,77.633,364.0,4991,2706,1099
IN001050200,Kakinada,16.95,82.233,8.0,4848,2704,1254
IN001090500,Ramgundam,18.767,79.433,156.0,4342,2770,1252
IN001111200,Machilipatnam,16.2,81.15,3.0,5085,2870,1359
IN001120100,Kurnool,15.8,78.067,281.0,5115,2750,1184
IN001160200,Nellore,14.45,79.983,20.0,4987,2683,1142
IN004122600,M.O. Ranchi,23.317,85.317,652.0,4832,2745,1437
IN006031000,Hissar,29.167,75.733,221.0,5224,2599,729
IN009010100,Bangalore,12.967,77.583,921.0,5117,2776,1901
IN009021000,Belgaum/Sambra,15.85,74.617,747.0,4871,2723,1518
IN009070100,Chitradurga,14.233,76.433,733.0,4780,2775,1314
IN009090300,Gadag,15.417,75.633,650.0,4661,2737,1418
IN009130300,Mangalore/Bajpe,12.917,74.883,102.0,4760,2566,2081
IN010050700,Kozhikode,11.25,75.783,5.0,4801,2744,2160
IN010100400,Thiruvananthapuram,8.483,76.95,64.0,5009,2752,2421
IN018103100,Patiala,30.333,76.467,251.0,5061,2670,1064
IN019140400,Jaisalmer,26.9,70.917,231.0,4833,2639,461
IN019180500,Jodhpur,26.3,73.017,224.0,5031,2706,614
IN019191200,Kota Aerodrome,25.15,75.85,274.0,4577,2625,532
IN020020300,Cuddalore,11.767,79.767,12.0,4917,2689,1377
IN020031700,Coimbatore/Peelamed,11.033,77.05,399.0,5090,2492,1292
IN020040900,Madras/Minambakkam,13.0,80.183,16.0,4819,2451,1560
IN022021900,New Delhi/Safdarjun,28.583,77.2,216.0,5263,2536,1078
IN022030600,Goa/Panjim,15.483,73.817,60.0,5014,2757,1768
IN023101700,Bareilly,28.367,79.4,169.0,4181,2605,1137
IN023160900,Dehradun,30.317,78.033,682.0,4915,2698,1800
IN025010100,Minicoy         Obsy,8.3,73.0,2.0,4959,2377,1184
INM00042071,Amritsar,31.71,74.797,230.4,4730,2527,1049
